Weight;Source;Target;Type
1103068;гороскоп;на;Undirected
558206;год;на;Undirected
482974;на;сегодня;Undirected
478196;гороскоп;сегодня;Undirected
349001;на;ноябрь;Undirected
342623;календарь;на;Undirected
309089;гадание;онлайн;Undirected
302519;год;календарь;Undirected
296869;календарь;лунный;Undirected
270101;знак;зодиак;Undirected
263811;год;гороскоп;Undirected
252540;бесплатно;онлайн;Undirected
249973;лунный;на;Undirected
245450;сон;сонник;Undirected
244719;календарь;ноябрь;Undirected
222461;лунный;ноябрь;Undirected
213646;сон;толкование;Undirected
207684;год;ноябрь;Undirected
203008;год;лунный;Undirected
199010;сонник;толкование;Undirected
197516;завтра;на;Undirected
196197;гороскоп;завтра;Undirected
185128;бесплатно;гадание;Undirected
175827;гадание;на;Undirected
162044;онлайн;сонник;Undirected
112158;знак;по;Undirected
112158;зодиак;по;Undirected
109374;гороскоп;по;Undirected
105774;календарь;стрижка;Undirected
103636;год;по;Undirected
97970;гороскоп;ноябрь;Undirected
93631;в;год;Undirected
92394;декабрь;на;Undirected
91076;на;стрижка;Undirected
85136;ноябрь;стрижка;Undirected
84461;знак;совместимость;Undirected
83505;зодиак;совместимость;Undirected
78643;лунный;стрижка;Undirected
74519;год;и;Undirected
71412;год;с;Undirected
69206;в;ноябрь;Undirected
68318;на;онлайн;Undirected
67919;и;календарь;Undirected
64995;выходной;год;Undirected
64589;гадание;карта;Undirected
63697;год;день;Undirected
62760;выходной;и;Undirected
62201;и;на;Undirected
62065;на;по;Undirected
61757;календарь;с;Undirected
60859;год;праздник;Undirected
59734;по;рождение;Undirected
59611;миллер;сонник;Undirected
59586;к;что;Undirected
59569;и;с;Undirected
59338;календарь;праздник;Undirected
59180;выходной;календарь;Undirected
59009;значение;имя;Undirected
58948;день;лунный;Undirected
58410;выходной;праздник;Undirected
58410;выходной;с;Undirected
58410;и;праздник;Undirected
58410;праздник;с;Undirected
58282;гадание;таро;Undirected
58031;гороскоп;знак;Undirected
58031;гороскоп;зодиак;Undirected
57991;на;с;Undirected
57990;к;сниться;Undirected
57990;сниться;что;Undirected
57892;год;стрижка;Undirected
57837;дата;по;Undirected
57661;бесплатно;сонник;Undirected
57203;на;таро;Undirected
57180;по;совместимость;Undirected
57025;карта;на;Undirected
56315;карта;таро;Undirected
55154;гороскоп;декабрь;Undirected
54737;дата;рождение;Undirected
54374;онлайн;сон;Undirected
54218;год;знак;Undirected
54218;год;зодиак;Undirected
53854;луна;фаза;Undirected
52317;день;календарь;Undirected
51339;благоприятный;день;Undirected
51221;день;на;Undirected
50980;год;россия;Undirected
50491;знак;на;Undirected
50491;зодиак;на;Undirected
50233;благоприятный;стрижка;Undirected
50233;день;стрижка;Undirected
49990;выходной;на;Undirected
49990;на;праздник;Undirected
48222;любовь;на;Undirected
48032;день;ноябрь;Undirected
47585;бесплатно;сон;Undirected
47585;бесплатно;толкование;Undirected
47523;благоприятный;на;Undirected
47209;для;на;Undirected
45867;для;имя;Undirected
45846;гадание;любовь;Undirected
45749;год;для;Undirected
45728;благоприятный;календарь;Undirected
45546;бесплатно;на;Undirected
45299;луна;ноябрь;Undirected
44826;гороскоп;неделя;Undirected
44826;на;неделя;Undirected
44023;благоприятный;ноябрь;Undirected
43569;благоприятный;год;Undirected
43008;в;россия;Undirected
41449;онлайн;таро;Undirected
40112;благоприятный;лунный;Undirected
38653;гороскоп;совместимость;Undirected
38644;онлайн;толкование;Undirected
36868;декабрь;календарь;Undirected
36832;сонник;толкователь;Undirected
36517;близнец;гороскоп;Undirected
35591;имя;совместимость;Undirected
34768;близнец;на;Undirected
34431;гороскоп;рак;Undirected
33765;книга;перемена;Undirected
33135;год;декабрь;Undirected
32638;рождение;совместимость;Undirected
32215;на;отношение;Undirected
32091;девочка;имя;Undirected
31814;на;рак;Undirected
31552;ноябрь;фаза;Undirected
31163;декабрь;лунный;Undirected
30583;волос;стрижка;Undirected
30207;месяц;по;Undirected
29866;дата;совместимость;Undirected
29492;на;россия;Undirected
29090;сон;толкователь;Undirected
28969;календарь;по;Undirected
28075;год;какой;Undirected
27971;значение;и;Undirected
27695;девочка;для;Undirected
26917;гороскоп;телец;Undirected
26906;волос;календарь;Undirected
26463;год;луна;Undirected
26371;гороскоп;лев;Undirected
26207;в;луна;Undirected
26081;да;нет;Undirected
26010;луна;сегодня;Undirected
25632;волос;ноябрь;Undirected
25561;гороскоп;овен;Undirected
25531;знак;месяц;Undirected
25531;зодиак;месяц;Undirected
25145;на;телец;Undirected
25126;значение;сон;Undirected
24483;лев;на;Undirected
24479;гадание;по;Undirected
24321;и;сон;Undirected
24206;год;новый;Undirected
24083;значение;сонник;Undirected
23869;луна;на;Undirected
23869;на;фаза;Undirected
23753;гороскоп;дева;Undirected
23696;на;овен;Undirected
23678;имя;мальчик;Undirected
23359;восточный;по;Undirected
23190;в;день;Undirected
23138;гадание;да;Undirected
23138;гадание;нет;Undirected
22570;в;пенсия;Undirected
22570;год;пенсия;Undirected
22268;восточный;год;Undirected
22149;волос;лунный;Undirected
21962;дева;на;Undirected
21864;в;когда;Undirected
21783;гадание;отношение;Undirected
21777;и;сонник;Undirected
21618;год;животное;Undirected
21529;весы;гороскоп;Undirected
21522;женский;имя;Undirected
21174;лунный;сегодня;Undirected
21092;гороскоп;козерог;Undirected
21007;карта;онлайн;Undirected
20808;волос;на;Undirected
20631;когда;ноябрь;Undirected
20231;гороскоп;скорпион;Undirected
20200;год;фаза;Undirected
19966;на;прогноз;Undirected
19732;гуща;кофейный;Undirected
19732;гуща;на;Undirected
19732;кофейный;на;Undirected
19625;козерог;на;Undirected
19571;весы;на;Undirected
18928;гадание;гуща;Undirected
18928;гадание;кофейный;Undirected
18665;животное;по;Undirected
18540;год;прогноз;Undirected
18433;в;на;Undirected
18353;любовь;онлайн;Undirected
18222;гадание;книга;Undirected
18113;на;скорпион;Undirected
18072;для;мальчик;Undirected
17950;для;россия;Undirected
17923;книга;онлайн;Undirected
17887;день;праздничный;Undirected
17438;бесплатно;таро;Undirected
17437;водолей;гороскоп;Undirected
17428;в;г;Undirected
17428;г;когда;Undirected
17409;восточный;гороскоп;Undirected
17267;близнец;сегодня;Undirected
16768;день;сегодня;Undirected
16711;книга;по;Undirected
16382;гороскоп;рыба;Undirected
16351;имя;мужской;Undirected
16216;год;предсказание;Undirected
16195;г;ноябрь;Undirected
16052;онлайн;пасьянс;Undirected
15984;водолей;на;Undirected
15941;в;повышение;Undirected
15941;год;повышение;Undirected
15730;онлайн;толкователь;Undirected
15710;в;праздник;Undirected
15616;будущее;на;Undirected
15559;в;выходной;Undirected
15521;гороскоп;рамблер;Undirected
15469;год;кто;Undirected
15319;гадание;перемена;Undirected
15266;гороскоп;какой;Undirected
15266;какой;по;Undirected
15221;ванга;сонник;Undirected
15199;ноябрь;по;Undirected
15175;рак;сегодня;Undirected
15066;миллер;сон;Undirected
15066;миллер;толкование;Undirected
15062;животное;какой;Undirected
14841;в;любовь;Undirected
14841;в;совместимость;Undirected
14841;любовь;совместимость;Undirected
14810;будущее;гадание;Undirected
14716;лунный;по;Undirected
14608;на;рыба;Undirected
14592;астрологический;прогноз;Undirected
14540;в;праздничный;Undirected
14377;год;праздничный;Undirected
14343;волос;год;Undirected
14288;для;ноябрь;Undirected
14239;пенсия;повышение;Undirected
14230;знак;скорпион;Undirected
14230;зодиак;скорпион;Undirected
14154;онлайн;перемена;Undirected
14069;сновидение;толкование;Undirected
14029;дата;нумерология;Undirected
14029;нумерология;по;Undirected
14029;нумерология;рождение;Undirected
14023;бесплатно;любовь;Undirected
13808;перемена;по;Undirected
13719;гороскоп;любовный;Undirected
13683;гуща;онлайн;Undirected
13683;кофейный;онлайн;Undirected
13668;будущее;онлайн;Undirected
13607;предсказание;россия;Undirected
13479;волос;для;Undirected
13479;для;стрижка;Undirected
13309;выходной;россия;Undirected
13271;имя;по;Undirected
13081;гороскоп;животное;Undirected
13069;знак;камень;Undirected
13069;зодиак;камень;Undirected
13069;камень;по;Undirected
13028;бесплатно;карта;Undirected
12970;календарь;распечатывать;Undirected
12857;гадание;пасьянс;Undirected
12839;бесплатно;будущее;Undirected
12771;по;стрижка;Undirected
12738;битва;сезон;Undirected
12738;битва;экстрасенс;Undirected
12738;сезон;экстрасенс;Undirected
12678;в;для;Undirected
12593;ноябрь;праздник;Undirected
12396;праздник;россия;Undirected
12355;какой;сегодня;Undirected
12353;восточный;календарь;Undirected
12246;на;предсказание;Undirected
12239;гороскоп;стрелец;Undirected
12234;календарь;производственный;Undirected
12036;в;новость;Undirected
12036;в;последний;Undirected
12036;год;новость;Undirected
12036;год;последний;Undirected
12036;новость;последний;Undirected
12016;гороскоп;рождение;Undirected
11911;какой;луна;Undirected
11733;астрологический;на;Undirected
11674;сегодня;фаза;Undirected
11635;мужчина;характеристика;Undirected
11626;книга;судьба;Undirected
11481;сегодня;телец;Undirected
11292;гадание;руно;Undirected
11292;на;руно;Undirected
11254;лев;сегодня;Undirected
11249;пенсия;россия;Undirected
11159;сновидение;сонник;Undirected
11110;год;коза;Undirected
11056;любовный;на;Undirected
10994;и;имя;Undirected
10925;бесплатно;по;Undirected
10815;онлайн;смотреть;Undirected
10815;смотреть;сонник;Undirected
10804;в;декабрь;Undirected
10755;год;производственный;Undirected
10755;на;производственный;Undirected
10715;для;календарь;Undirected
10685;новость;пенсия;Undirected
10685;пенсия;последний;Undirected
10669;благоприятный;волос;Undirected
10669;волос;день;Undirected
10645;декабрь;стрижка;Undirected
10611;гороскоп;для;Undirected
10597;в;фаза;Undirected
10595;на;стрелец;Undirected
10462;василиса;володина;Undirected
10455;год;распечатывать;Undirected
10431;овен;сегодня;Undirected
10284;календарь;россия;Undirected
10264;да;онлайн;Undirected
10264;нет;онлайн;Undirected
10244;на;новый;Undirected
10132;в;знак;Undirected
10132;в;зодиак;Undirected
10132;знак;любовь;Undirected
10132;зодиак;любовь;Undirected
10072;дева;сегодня;Undirected
10052;на;пенсия;Undirected
9867;быть;в;Undirected
9845;год;овца;Undirected
9813;в;кто;Undirected
9791;гороскоп;дата;Undirected
9780;год;что;Undirected
9673;в;что;Undirected
9668;гороскоп;китайский;Undirected
9543;луна;расти;Undirected
9514;декабрь;день;Undirected
9422;какой;лунный;Undirected
9370;весы;сегодня;Undirected
9278;день;россия;Undirected
9259;год;от;Undirected
9259;на;от;Undirected
9226;на;повышение;Undirected
9094;ноябрь;полнолуние;Undirected
9071;в;полнолуние;Undirected
9071;г;полнолуние;Undirected
9071;когда;полнолуние;Undirected
8985;быть;год;Undirected
8985;ванг;джулия;Undirected
8978;какой;сейчас;Undirected
8978;луна;сейчас;Undirected
8942;рыба;сегодня;Undirected
8931;в;тот;Undirected
8931;в;уже;Undirected
8931;год;тот;Undirected
8931;год;уже;Undirected
8931;для;кто;Undirected
8931;для;пенсия;Undirected
8931;для;тот;Undirected
8931;для;уже;Undirected
8931;кто;на;Undirected
8931;кто;пенсия;Undirected
8931;кто;россия;Undirected
8931;кто;тот;Undirected
8931;кто;уже;Undirected
8931;на;тот;Undirected
8931;на;уже;Undirected
8931;пенсия;тот;Undirected
8931;пенсия;уже;Undirected
8931;россия;тот;Undirected
8931;россия;уже;Undirected
8931;тот;уже;Undirected
8929;сегодня;скорпион;Undirected
8920;беременность;к;Undirected
8920;беременность;сниться;Undirected
8920;беременность;что;Undirected
8903;выходной;распечатывать;Undirected
8903;и;распечатывать;Undirected
8903;праздник;распечатывать;Undirected
8903;распечатывать;с;Undirected
8857;выходной;день;Undirected
8815;для;лунный;Undirected
8801;гадать;онлайн;Undirected
8798;волос;по;Undirected
8739;и;лунный;Undirected
8737;россия;с;Undirected
8640;козерог;сегодня;Undirected
8634;бесплатно;смотреть;Undirected
8578;значение;их;Undirected
8578;и;их;Undirected
8517;в;расти;Undirected
8505;день;какой;Undirected
8391;сонник;юнона;Undirected
8356;выходной;ноябрь;Undirected
8325;для;предсказание;Undirected
8262;василиса;от;Undirected
8262;володина;от;Undirected
8237;водолей;сегодня;Undirected
8190;сон;соник;Undirected
8140;россия;что;Undirected
8139;астрологический;год;Undirected
8115;гороскоп;майл;Undirected
8105;для;повышение;Undirected
8105;кто;повышение;Undirected
8105;повышение;россия;Undirected
8105;повышение;тот;Undirected
8105;повышение;уже;Undirected
8094;битва;серия;Undirected
8094;сезон;серия;Undirected
8094;серия;экстрасенс;Undirected
8093;гороскоп;оракул;Undirected
8079;в;и;Undirected
8075;дата;знак;Undirected
8075;дата;зодиак;Undirected
8011;в;военный;Undirected
8011;военный;год;Undirected
8011;военный;новость;Undirected
8011;военный;пенсия;Undirected
8011;военный;последний;Undirected
7986;гороскоп;от;Undirected
7934;близкий;будущее;Undirected
7920;отношение;таро;Undirected
7903;волос;и;Undirected
7903;волос;окрашивание;Undirected
7903;год;окрашивание;Undirected
7903;для;и;Undirected
7903;для;окрашивание;Undirected
7903;и;окрашивание;Undirected
7903;и;стрижка;Undirected
7903;календарь;окрашивание;Undirected
7903;лунный;окрашивание;Undirected
7903;на;окрашивание;Undirected
7903;окрашивание;стрижка;Undirected
7833;гороскоп;женщина;Undirected
7833;женщина;на;Undirected
7789;знак;стрелец;Undirected
7763;и;россия;Undirected
7543;ждать;что;Undirected
7467;ноябрь;расти;Undirected
7457;в;новолуние;Undirected
7457;когда;новолуние;Undirected
7457;новолуние;ноябрь;Undirected
7439;в;волос;Undirected
7332;василиса;год;Undirected
7332;василиса;на;Undirected
7332;володина;год;Undirected
7332;володина;на;Undirected
7324;василиса;володин;Undirected
7308;воспаление;легкое;Undirected
7242;год;доллар;Undirected
7191;год;корпоратив;Undirected
7191;год;прикол;Undirected
7191;год;сценарий;Undirected
7191;для;корпоратив;Undirected
7191;для;новый;Undirected
7191;для;прикол;Undirected
7191;для;с;Undirected
7191;для;сценарий;Undirected
7191;корпоратив;на;Undirected
7191;корпоратив;новый;Undirected
7191;корпоратив;прикол;Undirected
7191;корпоратив;с;Undirected
7191;корпоратив;сценарий;Undirected
7191;на;прикол;Undirected
7191;на;сценарий;Undirected
7191;новый;прикол;Undirected
7191;новый;с;Undirected
7191;новый;сценарий;Undirected
7191;прикол;с;Undirected
7191;прикол;сценарий;Undirected
7191;с;сценарий;Undirected
7162;бесплатно;близкий;Undirected
7162;близкий;гадание;Undirected
7162;близкий;на;Undirected
7162;близкий;онлайн;Undirected
6975;и;ноябрь;Undirected
6937;змея;к;Undirected
6937;змея;сниться;Undirected
6937;змея;что;Undirected
6931;онлайн;руны;Undirected
6898;зодиак;стрелец;Undirected
6893;прогноз;россия;Undirected
6853;благоприятный;по;Undirected
6853;день;по;Undirected
6803;год;правительство;Undirected
6803;год;рф;Undirected
6803;год;утверждать;Undirected
6803;календарь;правительство;Undirected
6803;календарь;рф;Undirected
6803;календарь;утверждать;Undirected
6803;на;правительство;Undirected
6803;на;рф;Undirected
6803;на;утверждать;Undirected
6803;правительство;производственный;Undirected
6803;правительство;рф;Undirected
6803;правительство;утверждать;Undirected
6803;производственный;рф;Undirected
6803;производственный;утверждать;Undirected
6803;рф;утверждать;Undirected
6781;означать;что;Undirected
6733;и;совместимость;Undirected
6706;сегодня;стрелец;Undirected
6679;г;новолуние;Undirected
6660;ноябрь;россия;Undirected
6623;бесплатно;гадать;Undirected
6589;календарь;праздничный;Undirected
6567;декабрь;луна;Undirected
6399;благоприятный;декабрь;Undirected
6196;в;доллар;Undirected
6176;ванга;сон;Undirected
6156;бесплатно;миллер;Undirected
6139;ноябрь;окрашивание;Undirected
6124;воспаление;симптом;Undirected
6124;легкое;симптом;Undirected
6121;завтра;рак;Undirected
6115;в;календарь;Undirected
6101;близнец;завтра;Undirected
6059;василиса;гороскоп;Undirected
6059;володина;гороскоп;Undirected
5980;год;нива;Undirected
5980;нива;новый;Undirected
5919;присниться;сонник;Undirected
5843;гадание;рука;Undirected
5843;по;рука;Undirected
5837;год;ждать;Undirected
5832;имя;что;Undirected
5787;в;прогноз;Undirected
5751;по;прогноз;Undirected
5730;в;ждать;Undirected
5700;весы;знак;Undirected
5700;весы;зодиак;Undirected
5675;на;налог;Undirected
5584;восточный;животное;Undirected
5584;восточный;кто;Undirected
5584;животное;календарь;Undirected
5584;животное;кто;Undirected
5584;календарь;кто;Undirected
5584;кто;по;Undirected
5564;праздничный;россия;Undirected
5517;ждать;россия;Undirected
5508;гадание;руны;Undirected
5506;как;отдыхать;Undirected
5488;завтра;телец;Undirected
5428;знак;рак;Undirected
5428;зодиак;рак;Undirected
5328;на;рука;Undirected
5325;в;какой;Undirected
5253;анастасия;имя;Undirected
5253;в;пенсионер;Undirected
5253;военный;пенсионер;Undirected
5253;год;пенсионер;Undirected
5253;новость;пенсионер;Undirected
5253;пенсионер;пенсия;Undirected
5253;пенсионер;последний;Undirected
5244;бесплатно;совместимость;Undirected
5231;быть;россия;Undirected
5225;онлайн;руно;Undirected
5215;знак;рыба;Undirected
5215;зодиак;рыба;Undirected
5207;для;сегодня;Undirected
5145;женщина;ноябрь;Undirected
5140;календарь;луна;Undirected
5140;календарь;фаза;Undirected
5140;луна;лунный;Undirected
5140;лунный;фаза;Undirected
5107;онлайн;отношение;Undirected
5107;сон;толковый;Undirected
5107;соник;толковый;Undirected
5064;завтра;лев;Undirected
5013;военный;повышение;Undirected
5013;новость;повышение;Undirected
5013;повышение;последний;Undirected
5011;имя;означать;Undirected
4997;год;рождение;Undirected
4975;имя;их;Undirected
4938;любовный;сегодня;Undirected
4928;год;октябрь;Undirected
4928;календарь;октябрь;Undirected
4928;лунный;октябрь;Undirected
4928;на;октябрь;Undirected
4876;доллар;россия;Undirected
4849;предсказание;что;Undirected
4817;в;по;Undirected
4762;в;имущество;Undirected
4762;в;лицо;Undirected
4762;в;налог;Undirected
4762;в;физический;Undirected
4762;год;имущество;Undirected
4762;год;лицо;Undirected
4762;год;налог;Undirected
4762;год;физический;Undirected
4762;имущество;лицо;Undirected
4762;имущество;на;Undirected
4762;имущество;налог;Undirected
4762;имущество;физический;Undirected
4762;лицо;на;Undirected
4762;лицо;налог;Undirected
4762;лицо;физический;Undirected
4762;на;физический;Undirected
4762;налог;физический;Undirected
4709;в;имя;Undirected
4709;имя;любовь;Undirected
4705;астрологический;по;Undirected
4705;в;стрижка;Undirected
4704;декабрь;фаза;Undirected
4665;год;курс;Undirected
4665;доллар;курс;Undirected
4665;доллар;на;Undirected
4665;доллар;прогноз;Undirected
4665;курс;на;Undirected
4665;курс;прогноз;Undirected
4657;биография;ванг;Undirected
4657;биография;джулия;Undirected
4625;бесплатно;дата;Undirected
4625;бесплатно;рождение;Undirected
4616;посмотреть;сон;Undirected
4616;посмотреть;сонник;Undirected
4616;посмотреть;толкователь;Undirected
4596;имя;список;Undirected
4531;линия;на;Undirected
4531;линия;рука;Undirected
4511;декабрь;россия;Undirected
4498;весы;завтра;Undirected
4480;дева;знак;Undirected
4480;дева;зодиак;Undirected
4439;козерог;характеристика;Undirected
4438;онлайн;по;Undirected
4351;на;распечатывать;Undirected
4350;выходной;праздничный;Undirected
4350;день;и;Undirected
4350;и;праздничный;Undirected
4334;год;женщина;Undirected
4328;дева;завтра;Undirected
4318;год;совместимость;Undirected
4291;завтра;скорпион;Undirected
4279;завтра;овен;Undirected
4216;год;характеристика;Undirected
4200;знак;овен;Undirected
4200;зодиак;овен;Undirected
4199;год;китайский;Undirected
4198;день;карта;Undirected
4145;карта;натальный;Undirected
4141;знак;от;Undirected
4141;зодиак;от;Undirected
4133;водолей;завтра;Undirected
4113;анастасия;значение;Undirected
4104;календарь;церковный;Undirected
4101;завтра;козерог;Undirected
4076;гадание;хиромантия;Undirected
4076;по;хиромантия;Undirected
4076;рука;хиромантия;Undirected
4058;год;овен;Undirected
4055;анна;имя;Undirected
4031;бесплатно;гороскоп;Undirected
4013;год;фото;Undirected
4013;год;цена;Undirected
4013;год;шевроле;Undirected
4013;нива;фото;Undirected
4013;нива;цена;Undirected
4013;нива;шевроле;Undirected
4013;новый;фото;Undirected
4013;новый;цена;Undirected
4013;новый;шевроле;Undirected
4013;фото;цена;Undirected
4013;фото;шевроле;Undirected
4013;цена;шевроле;Undirected
4012;в;число;Undirected
4012;год;число;Undirected
4012;какой;число;Undirected
3970;в;предсказание;Undirected
3965;год;рак;Undirected
3959;ванга;толкование;Undirected
3947;близнец;ноябрь;Undirected
3943;быть;с;Undirected
3943;быть;что;Undirected
3943;в;с;Undirected
3943;с;что;Undirected
3932;к;крыса;Undirected
3932;крыса;сниться;Undirected
3932;крыса;что;Undirected
3922;бесплатно;да;Undirected
3922;бесплатно;нет;Undirected
3913;знак;и;Undirected
3913;зодиак;и;Undirected
3891;знак;лев;Undirected
3891;зодиак;лев;Undirected
3864;имя;месяц;Undirected
3834;знак;прогноз;Undirected
3834;зодиак;прогноз;Undirected
3829;гадание;человек;Undirected
3829;на;человек;Undirected
3820;значение;карта;Undirected
3816;благоприятный;для;Undirected
3816;день;для;Undirected
3812;от;россия;Undirected
3804;в;январь;Undirected
3804;выходной;январь;Undirected
3804;на;украина;Undirected
3803;знак;телец;Undirected
3803;зодиак;телец;Undirected
3784;к;рыба;Undirected
3784;рыба;сниться;Undirected
3784;рыба;что;Undirected
3769;и;сновидение;Undirected
3769;и;толкование;Undirected
3769;онлайн;судьба;Undirected
3769;сновидение;сон;Undirected
3735;год;дева;Undirected
3730;завтра;рыба;Undirected
3720;какой;коза;Undirected
3710;для;собака;Undirected
3696;гороскоп;стрижка;Undirected
3680;женщина;характеристика;Undirected
3664;и;по;Undirected
3656;близнец;год;Undirected
3655;линия;хиромантия;Undirected
3621;бесплатно;гуща;Undirected
3621;бесплатно;кофейный;Undirected
3619;в;курс;Undirected
3619;курс;россия;Undirected
3603;значение;руны;Undirected
3603;и;руны;Undirected
3603;их;руны;Undirected
3575;молитва;на;Undirected
3569;бесплатно;пасьянс;Undirected
3563;знак;рождение;Undirected
3563;зодиак;рождение;Undirected
3526;лунный;сутки;Undirected
3526;сегодня;сутки;Undirected
3524;в;встречать;Undirected
3524;в;чем;Undirected
3524;встречать;год;Undirected
3524;встречать;чем;Undirected
3524;год;чем;Undirected
3500;в;индексация;Undirected
3500;год;индексация;Undirected
3500;индексация;пенсия;Undirected
3481;близнец;декабрь;Undirected
3450;на;что;Undirected
3427;стрелец;характеристика;Undirected
3423;биография;экстрасенс;Undirected
3390;бесплатно;книга;Undirected
3390;бесплатно;перемена;Undirected
3347;день;с;Undirected
3347;праздничный;с;Undirected
3336;для;прогноз;Undirected
3334;ноябрьский;праздник;Undirected
3303;гороскоп;день;Undirected
3289;бесплатно;руно;Undirected
3287;растолкование;сон;Undirected
3287;растолкование;сонник;Undirected
3250;в;как;Undirected
3250;в;отдыхать;Undirected
3250;как;россия;Undirected
3250;отдыхать;россия;Undirected
3246;дева;ноябрь;Undirected
3204;ванг;россия;Undirected
3195;квадрат;пифагор;Undirected
3188;гороскоп;игнио;Undirected
3184;год;как;Undirected
3184;год;отдыхать;Undirected
3176;василиса;для;Undirected
3176;володина;для;Undirected
3176;для;от;Undirected
3163;к;собака;Undirected
3163;пасьянс;старинный;Undirected
3163;сниться;собака;Undirected
3163;собака;что;Undirected
3149;в;лунный;Undirected
3148;имя;тайна;Undirected
3138;беременность;сонник;Undirected
3129;декабрь;рак;Undirected
3116;день;таро;Undirected
3094;натальный;онлайн;Undirected
3079;анна;значение;Undirected
3079;ванг;экстрасенс;Undirected
3079;джулия;экстрасенс;Undirected
3052;для;месяц;Undirected
3052;для;по;Undirected
3049;василиса;знак;Undirected
3049;василиса;зодиак;Undirected
3049;володина;знак;Undirected
3049;володина;зодиак;Undirected
3034;бесплатно;погадать;Undirected
3034;онлайн;погадать;Undirected
3032;близнец;знак;Undirected
3032;близнец;зодиак;Undirected
3030;год;январь;Undirected
3027;завтра;стрелец;Undirected
3018;большой;сонник;Undirected
3018;гороскоп;и;Undirected
3007;выходной;производственный;Undirected
3007;и;производственный;Undirected
3007;праздник;производственный;Undirected
3007;производственный;с;Undirected
2990;знак;характеристика;Undirected
2989;водолей;характеристика;Undirected
2976;лев;ноябрь;Undirected
2975;отношение;человек;Undirected
2962;гадание;толкование;Undirected
2962;гуща;толкование;Undirected
2962;кофейный;толкование;Undirected
2962;на;толкование;Undirected
2934;для;знак;Undirected
2934;для;зодиак;Undirected
2926;ларина;татьяна;Undirected
2926;ларина;экстрасенс;Undirected
2926;татьяна;экстрасенс;Undirected
2921;гадать;на;Undirected
2919;буря;магнитный;Undirected
2910;бесплатно;знак;Undirected
2910;бесплатно;зодиак;Undirected
2903;гадание;судьба;Undirected
2903;по;судьба;Undirected
2899;благоприятный;в;Undirected
2881;козерог;мужчина;Undirected
2880;магия;число;Undirected
2867;о;россия;Undirected
2861;год;символ;Undirected
2841;женский;список;Undirected
2826;значение;мужской;Undirected
2826;и;мужской;Undirected
2826;их;мужской;Undirected
2821;год;цвет;Undirected
2821;какой;цвет;Undirected
2806;в;овца;Undirected
2803;гадание;значение;Undirected
2803;гадание;при;Undirected
2803;значение;при;Undirected
2803;карта;при;Undirected
2784;год;козерог;Undirected
2752;год;модель;Undirected
2752;модель;нива;Undirected
2752;модель;новый;Undirected
2746;во;сон;Undirected
2740;месяц;ноябрь;Undirected
2737;гороскоп;месяц;Undirected
2734;в;стричь;Undirected
2734;волос;когда;Undirected
2734;волос;стричь;Undirected
2734;когда;стричь;Undirected
2734;ноябрь;стричь;Undirected
2709;индийский;пасьянс;Undirected
2704;луна;убывать;Undirected
2704;новость;россия;Undirected
2704;последний;россия;Undirected
2696;астрологический;знак;Undirected
2696;астрологический;зодиак;Undirected
2686;ванга;предсказание;Undirected
2676;время;по;Undirected
2676;время;чихалка;Undirected
2676;жизнь;линия;Undirected
2676;по;чихалка;Undirected
2674;индексация;новость;Undirected
2674;индексация;последний;Undirected
2666;выходной;или;Undirected
2623;быть;предсказание;Undirected
2623;предсказание;с;Undirected
2619;матрона;молитва;Undirected
2619;матрона;московский;Undirected
2619;молитва;московский;Undirected
2617;гороскоп;который;Undirected
2617;гороскоп;сбываться;Undirected
2617;который;сбываться;Undirected
2615;волос;декабрь;Undirected
2610;декабрь;телец;Undirected
2609;декабрь;лев;Undirected
2608;брак;в;Undirected
2608;брак;и;Undirected
2608;брак;имя;Undirected
2608;брак;любовь;Undirected
2608;брак;совместимость;Undirected
2608;и;любовь;Undirected
2606;весь;на;Undirected
2602;жизнь;на;Undirected
2602;когда;луна;Undirected
2589;выходной;декабрь;Undirected
2577;быть;доллар;Undirected
2575;водолей;женщина;Undirected
2563;битва;выпуск;Undirected
2563;битва;от;Undirected
2563;выпуск;от;Undirected
2563;выпуск;сезон;Undirected
2563;выпуск;серия;Undirected
2563;выпуск;экстрасенс;Undirected
2563;от;сезон;Undirected
2563;от;серия;Undirected
2563;от;экстрасенс;Undirected
2561;гавно;к;Undirected
2561;гавно;сниться;Undirected
2561;гавно;что;Undirected
2558;год;телец;Undirected
2520;на;погадать;Undirected
2518;ноябрь;овен;Undirected
2512;на;тест;Undirected
2482;к;кошка;Undirected
2482;кошка;сниться;Undirected
2482;кошка;что;Undirected
2472;быть;ли;Undirected
2472;в;ли;Undirected
2472;год;ли;Undirected
2462;весы;ноябрь;Undirected
2454;будущее;карта;Undirected
2454;будущее;таро;Undirected
2451;год;лев;Undirected
2438;имя;татьяна;Undirected
2438;предсказание;ру;Undirected
2435;для;рыба;Undirected
2432;беда;ванг;Undirected
2432;беда;великий;Undirected
2432;беда;неожиданный;Undirected
2432;беда;от;Undirected
2432;беда;постигать;Undirected
2432;беда;россия;Undirected
2432;беда;удар;Undirected
2432;ванг;великий;Undirected
2432;ванг;неожиданный;Undirected
2432;ванг;от;Undirected
2432;ванг;постигать;Undirected
2432;ванг;удар;Undirected
2432;великий;неожиданный;Undirected
2432;великий;от;Undirected
2432;великий;постигать;Undirected
2432;великий;россия;Undirected
2432;великий;удар;Undirected
2432;неожиданный;от;Undirected
2432;неожиданный;постигать;Undirected
2432;неожиданный;россия;Undirected
2432;неожиданный;удар;Undirected
2432;от;постигать;Undirected
2432;от;удар;Undirected
2432;постигать;россия;Undirected
2432;постигать;удар;Undirected
2432;россия;удар;Undirected
2425;к;мышь;Undirected
2425;мышь;сниться;Undirected
2425;мышь;что;Undirected
2407;ноябрь;рак;Undirected
2397;имя;мусульманский;Undirected
2388;декабрь;овен;Undirected
2384;без;бесплатно;Undirected
2384;без;и;Undirected
2384;без;онлайн;Undirected
2384;без;регистрация;Undirected
2384;без;сонник;Undirected
2384;бесплатно;и;Undirected
2384;бесплатно;регистрация;Undirected
2384;и;онлайн;Undirected
2384;и;регистрация;Undirected
2384;онлайн;регистрация;Undirected
2384;регистрация;сонник;Undirected
2383;год;украина;Undirected
2383;предсказание;украина;Undirected
2378;быть;сколько;Undirected
2378;в;сколько;Undirected
2378;год;сколько;Undirected
2363;день;нерабочий;Undirected
2363;день;ноябрьский;Undirected
2363;день;праздник;Undirected
2363;нерабочий;ноябрьский;Undirected
2363;нерабочий;праздник;Undirected
2362;декабрь;козерог;Undirected
2345;от;по;Undirected
2341;гороскоп;сьогодні;Undirected
2341;на;сьогодні;Undirected
2331;мужчина;телец;Undirected
2322;декабрь;как;Undirected
2322;декабрь;отдыхать;Undirected
2322;декабрь;праздничный;Undirected
2322;день;как;Undirected
2322;день;отдыхать;Undirected
2322;как;праздничный;Undirected
2322;отдыхать;праздничный;Undirected
2316;коза;характеристика;Undirected
2308;любовный;ноябрь;Undirected
2292;китайский;по;Undirected
2291;знак;сегодня;Undirected
2291;зодиак;сегодня;Undirected
2291;по;сегодня;Undirected
2279;бесплатно;нумерология;Undirected
2275;астрологический;сегодня;Undirected
2275;прогноз;сегодня;Undirected
2262;сновидение;соник;Undirected
2256;как;на;Undirected
2256;как;новый;Undirected
2256;на;отдыхать;Undirected
2256;новый;отдыхать;Undirected
2255;пенсионер;повышение;Undirected
2245;девочка;месяц;Undirected
2245;девочка;по;Undirected
2226;ждать;предсказание;Undirected
2217;ванга;толкователь;Undirected
2212;мужчина;стрелец;Undirected
2211;весы;год;Undirected
2204;год;церковный;Undirected
2204;на;церковный;Undirected
2203;василиса;прогноз;Undirected
2203;володина;прогноз;Undirected
2203;от;прогноз;Undirected
2191;астропрогноз;на;Undirected
2189;декабрь;праздник;Undirected
2180;дева;декабрь;Undirected
2179;индексация;россия;Undirected
2174;онлайн;человек;Undirected
2168;в;экономический;Undirected
2168;год;экономический;Undirected
2168;ждать;прогноз;Undirected
2168;ждать;экономический;Undirected
2168;прогноз;что;Undirected
2168;прогноз;экономический;Undirected
2168;что;экономический;Undirected
2151;буря;сегодня;Undirected
2151;магнитный;сегодня;Undirected
2149;женский;значение;Undirected
2149;женский;и;Undirected
2149;женский;их;Undirected
2148;для;сон;Undirected
2148;для;соник;Undirected
2136;народный;примета;Undirected
2125;вера;лион;Undirected
2124;какой;овца;Undirected
2099;зодиак;характеристика;Undirected
2089;мужчина;скорпион;Undirected
2082;водолей;мужчина;Undirected
2077;женщина;стрелец;Undirected
2076;в;именины;Undirected
2076;именины;ноябрь;Undirected
2072;для;рак;Undirected
2053;к;кладбище;Undirected
2053;кладбище;сниться;Undirected
2053;кладбище;что;Undirected
2047;весы;декабрь;Undirected
2041;водолей;знак;Undirected
2041;водолей;зодиак;Undirected
2037;немецкий;фамилия;Undirected
2009;астрологический;дата;Undirected
2009;астрологический;рождение;Undirected
2009;дата;прогноз;Undirected
2009;прогноз;рождение;Undirected
2008;дева;мужчина;Undirected
2008;день;январь;Undirected
2008;россия;январь;Undirected
1993;бесплатно;натальный;Undirected
1993;бесплатно;расшифровка;Undirected
1993;бесплатно;с;Undirected
1993;карта;расшифровка;Undirected
1993;карта;с;Undirected
1993;натальный;расшифровка;Undirected
1993;натальный;с;Undirected
1993;онлайн;расшифровка;Undirected
1993;онлайн;с;Undirected
1993;расшифровка;с;Undirected
1978;ноябрь;скорпион;Undirected
1973;и;что;Undirected
1969;ноябрь;телец;Undirected
1968;гороскоп;друид;Undirected
1962;выходной;формат;Undirected
1962;год;формат;Undirected
1962;и;формат;Undirected
1962;календарь;формат;Undirected
1962;на;формат;Undirected
1962;праздник;формат;Undirected
1962;распечатывать;формат;Undirected
1962;с;формат;Undirected
1960;он;человек;Undirected
1957;знак;стихия;Undirected
1957;зодиак;стихия;Undirected
1945;календарь;когда;Undirected
1945;календарь;стричь;Undirected
1945;когда;лунный;Undirected
1945;когда;по;Undirected
1945;лунный;стричь;Undirected
1945;по;стричь;Undirected
1938;красивый;фамилия;Undirected
1937;молитва;удача;Undirected
1937;на;удача;Undirected
1937;о;предсказание;Undirected
1926;нумерология;онлайн;Undirected
1925;месяц;на;Undirected
1909;гороскоп;новый;Undirected
1909;знак;новый;Undirected
1909;зодиак;новый;Undirected
1909;новый;по;Undirected
1907;китайский;новый;Undirected
1905;имя;собака;Undirected
1904;архангел;ру;Undirected
1900;для;церковный;Undirected
1900;имя;календарь;Undirected
1900;имя;ноябрь;Undirected
1900;имя;церковный;Undirected
1900;календарь;месяц;Undirected
1900;месяц;церковный;Undirected
1900;ноябрь;церковный;Undirected
1900;по;церковный;Undirected
1899;гадание;желание;Undirected
1899;желание;на;Undirected
1896;девочка;кошка;Undirected
1873;выходной;нет;Undirected
1873;или;нет;Undirected
1873;или;ноябрь;Undirected
1873;нет;ноябрь;Undirected
1857;ванга;россия;Undirected
1838;еврейский;фамилия;Undirected
1820;календарь;православный;Undirected
1805;алфавит;по;Undirected
1805;алфавит;сон;Undirected
1805;алфавит;сонник;Undirected
1805;алфавит;толкование;Undirected
1805;для;кличка;Undirected
1805;кличка;собака;Undirected
1805;по;сон;Undirected
1805;по;сонник;Undirected
1805;по;толкование;Undirected
1799;для;лев;Undirected
1796;василиса;весь;Undirected
1796;весь;володина;Undirected
1796;весь;год;Undirected
1796;весь;гороскоп;Undirected
1796;весь;для;Undirected
1796;весь;знак;Undirected
1796;весь;зодиак;Undirected
1796;весь;от;Undirected
1796;декабрь;скорпион;Undirected
1796;декабрь;январь;Undirected
1796;женщина;сегодня;Undirected
1795;благоприятный;гороскоп;Undirected
1794;вошь;к;Undirected
1794;вошь;сниться;Undirected
1794;вошь;что;Undirected
1792;жизнь;рука;Undirected
1790;к;работа;Undirected
1790;работа;сниться;Undirected
1790;работа;что;Undirected
1789;брак;линия;Undirected
1789;брак;хиромантия;Undirected
1784;бесплатный;сонник;Undirected
1784;бесплатный;толкование;Undirected
1772;дмитрий;значение;Undirected
1772;дмитрий;имя;Undirected
1771;дарья;значение;Undirected
1771;дарья;имя;Undirected
1770;линия;означать;Undirected
1770;линия;они;Undirected
1770;линия;что;Undirected
1770;на;означать;Undirected
1770;на;они;Undirected
1770;означать;они;Undirected
1770;означать;рука;Undirected
1770;они;рука;Undirected
1770;они;что;Undirected
1770;рука;что;Undirected
1764;декабрь;для;Undirected
1764;декабрь;и;Undirected
1764;декабрь;окрашивание;Undirected
1755;мужской;список;Undirected
1755;на;совместимость;Undirected
1738;значение;сергей;Undirected
1738;имя;сергей;Undirected
1738;козерог;ноябрь;Undirected
1735;что;я;Undirected
1730;ванг;имя;Undirected
1730;ванг;настоящий;Undirected
1730;джулия;имя;Undirected
1730;джулия;настоящий;Undirected
1730;имя;настоящий;Undirected
1723;дева;для;Undirected
1719;декабрь;женщина;Undirected
1718;женщина;овен;Undirected
1714;отношение;погадать;Undirected
1708;ванга;год;Undirected
1708;ванга;на;Undirected
1707;водолей;декабрь;Undirected
1702;бюджетник;в;Undirected
1702;бюджетник;год;Undirected
1702;бюджетник;зарплата;Undirected
1702;бюджетник;повышение;Undirected
1702;в;зарплата;Undirected
1702;год;зарплата;Undirected
1702;зарплата;повышение;Undirected
1696;знак;козерог;Undirected
1696;зодиак;козерог;Undirected
1685;на;новогодний;Undirected
1685;на;обои;Undirected
1685;на;рабочий;Undirected
1685;на;стол;Undirected
1685;новогодний;обои;Undirected
1685;новогодний;рабочий;Undirected
1685;новогодний;стол;Undirected
1685;обои;рабочий;Undirected
1685;обои;стол;Undirected
1685;рабочий;стол;Undirected
1681;на;расклад;Undirected
1681;расклад;сегодня;Undirected
1681;расклад;таро;Undirected
1681;сегодня;таро;Undirected
1678;в;убывать;Undirected
1678;г;луна;Undirected
1678;г;убывать;Undirected
1678;когда;убывать;Undirected
1678;ноябрь;убывать;Undirected
1674;возраст;на;Undirected
1674;возраст;психологический;Undirected
1674;возраст;тест;Undirected
1674;на;психологический;Undirected
1674;психологический;тест;Undirected
1670;год;оракул;Undirected
1670;на;оракул;Undirected
1663;имя;настя;Undirected
1663;настя;что;Undirected
1622;в;масленица;Undirected
1622;год;масленица;Undirected
1622;какой;масленица;Undirected
1622;масленица;число;Undirected
1619;мальчик;месяц;Undirected
1619;мальчик;по;Undirected
1613;значение;мария;Undirected
1613;имя;мария;Undirected
1599;к;таракан;Undirected
1599;сниться;таракан;Undirected
1599;таракан;что;Undirected
1598;гороскоп;коза;Undirected
1593;значение;татьяна;Undirected
1587;во;плакать;Undirected
1587;плакать;сон;Undirected
1574;елена;значение;Undirected
1574;елена;имя;Undirected
1572;биография;ларина;Undirected
1572;биография;татьяна;Undirected
1567;завтра;любовный;Undirected
1565;гороскоп;ру;Undirected
1565;значение;максим;Undirected
1565;имя;максим;Undirected
1565;майл;ру;Undirected
1558;женщина;козерог;Undirected
1533;индийский;онлайн;Undirected
1529;мужчина;овен;Undirected
1522;к;свадьба;Undirected
1522;свадьба;сниться;Undirected
1522;свадьба;что;Undirected
1519;в;гороскоп;Undirected
1519;гороскоп;любовь;Undirected
1519;любовь;по;Undirected
1517;да;таро;Undirected
1517;нет;таро;Undirected
1508;гороскоп;каждый;Undirected
1508;день;каждый;Undirected
1508;каждый;на;Undirected
1504;для;украина;Undirected
1498;а;до;Undirected
1498;а;от;Undirected
1498;а;сонник;Undirected
1498;а;я;Undirected
1498;до;от;Undirected
1498;до;сонник;Undirected
1498;до;я;Undirected
1498;от;сонник;Undirected
1498;от;я;Undirected
1498;сонник;я;Undirected
1493;встречать;овца;Undirected
1493;овца;чем;Undirected
1488;к;снег;Undirected
1488;снег;сниться;Undirected
1488;снег;что;Undirected
1478;в;пасха;Undirected
1478;год;пасха;Undirected
1478;какой;пасха;Undirected
1478;народный;сонник;Undirected
1478;пасха;число;Undirected
1472;завтра;и;Undirected
1472;завтра;сегодня;Undirected
1472;и;сегодня;Undirected
1468;значение;ольга;Undirected
1468;имя;ольга;Undirected
1464;газета;оракул;Undirected
1463;нумерология;совместимость;Undirected
1449;девочка;мусульманский;Undirected
1440;онлайн;старинный;Undirected
1440;происхождение;фамилия;Undirected
1429;знак;порядок;Undirected
1429;зодиак;порядок;Undirected
1429;по;порядок;Undirected
1427;андрей;значение;Undirected
1427;андрей;имя;Undirected
1422;нумерология;число;Undirected
1421;война;заканчиваться;Undirected
1421;война;когда;Undirected
1421;война;на;Undirected
1421;война;украина;Undirected
1421;заканчиваться;когда;Undirected
1421;заканчиваться;на;Undirected
1421;заканчиваться;украина;Undirected
1421;когда;на;Undirected
1421;когда;украина;Undirected
1420;василиса;второй;Undirected
1420;василиса;ребенок;Undirected
1420;василиса;рожать;Undirected
1420;володина;второй;Undirected
1420;володина;ребенок;Undirected
1420;володина;рожать;Undirected
1420;второй;ребенок;Undirected
1420;второй;рожать;Undirected
1420;ребенок;рожать;Undirected
1414;знак;имя;Undirected
1414;зодиак;имя;Undirected
1389;гороскоп;прическа;Undirected
1389;к;кровь;Undirected
1389;кровь;сниться;Undirected
1389;кровь;что;Undirected
1389;на;прическа;Undirected
1389;ноябрь;прическа;Undirected
1384;змея;сонник;Undirected
1380;астрологический;василиса;Undirected
1380;астрологический;володина;Undirected
1380;астрологический;для;Undirected
1380;астрологический;от;Undirected
1380;астрологический;россия;Undirected
1380;василиса;россия;Undirected
1380;володина;россия;Undirected
1370;гороскоп;овца;Undirected
1369;астропрогноз;год;Undirected
1353;в;старость;Undirected
1353;год;старость;Undirected
1353;индексация;по;Undirected
1353;индексация;старость;Undirected
1353;новость;по;Undirected
1353;новость;старость;Undirected
1353;пенсия;по;Undirected
1353;пенсия;старость;Undirected
1353;по;последний;Undirected
1353;по;россия;Undirected
1353;по;старость;Undirected
1353;последний;старость;Undirected
1353;россия;старость;Undirected
1351;быть;кризис;Undirected
1351;быть;новость;Undirected
1351;быть;последний;Undirected
1351;в;кризис;Undirected
1351;год;кризис;Undirected
1351;кризис;ли;Undirected
1351;кризис;новость;Undirected
1351;кризис;последний;Undirected
1351;кризис;россия;Undirected
1351;ли;новость;Undirected
1351;ли;последний;Undirected
1351;ли;россия;Undirected
1351;свадьба;сонник;Undirected
1347;в;политолог;Undirected
1347;год;политолог;Undirected
1347;ждать;политолог;Undirected
1347;политолог;предсказание;Undirected
1347;политолог;россия;Undirected
1347;политолог;что;Undirected
1342;гексаграмм;книга;Undirected
1342;гексаграмм;перемена;Undirected
1342;гексаграмм;толкование;Undirected
1342;книга;толкование;Undirected
1342;перемена;толкование;Undirected
1330;знак;число;Undirected
1330;зодиак;число;Undirected
1330;по;число;Undirected
1324;гадание;екатерининский;Undirected
1320;доллар;с;Undirected
1320;доллар;что;Undirected
1319;астрологический;завтра;Undirected
1319;гадать;карта;Undirected
1319;гадать;таро;Undirected
1319;завтра;прогноз;Undirected
1316;бывший;к;Undirected
1316;бывший;парень;Undirected
1316;бывший;сниться;Undirected
1316;бывший;что;Undirected
1316;к;парень;Undirected
1316;парень;сниться;Undirected
1316;парень;что;Undirected
1313;быть;какой;Undirected
1313;быть;овца;Undirected
1308;русский;фамилия;Undirected
1304;всегда;любовь;Undirected
1304;всегда;на;Undirected
1304;всегда;парень;Undirected
1304;всегда;приворот;Undirected
1304;всегда;самостоятельно;Undirected
1304;всегда;читать;Undirected
1304;любовь;парень;Undirected
1304;любовь;приворот;Undirected
1304;любовь;самостоятельно;Undirected
1304;любовь;читать;Undirected
1304;на;парень;Undirected
1304;на;приворот;Undirected
1304;на;самостоятельно;Undirected
1304;на;читать;Undirected
1304;парень;приворот;Undirected
1304;парень;самостоятельно;Undirected
1304;парень;читать;Undirected
1304;приворот;самостоятельно;Undirected
1304;приворот;читать;Undirected
1304;самостоятельно;читать;Undirected
1302;к;пожар;Undirected
1302;пожар;сниться;Undirected
1302;пожар;что;Undirected
1297;собака;сонник;Undirected
1291;артем;значение;Undirected
1291;артем;имя;Undirected
1286;архангел;гадание;Undirected
1285;скорпион;характеристика;Undirected
1284;гриб;к;Undirected
1284;гриб;сниться;Undirected
1284;гриб;что;Undirected
1280;значение;ирина;Undirected
1280;имя;ирина;Undirected
1270;гадание;игральный;Undirected
1270;игральный;карта;Undirected
1270;игральный;на;Undirected
1257;быть;стоить;Undirected
1257;в;стоить;Undirected
1257;восточный;на;Undirected
1257;год;стоить;Undirected
1257;гороскоп;календарь;Undirected
1257;доллар;сколько;Undirected
1257;доллар;стоить;Undirected
1257;россия;сколько;Undirected
1257;россия;стоить;Undirected
1257;сколько;стоить;Undirected
1253;василиса;по;Undirected
1253;володина;по;Undirected
1241;значение;михаил;Undirected
1241;имя;михаил;Undirected
1233;г;декабрь;Undirected
1233;декабрь;когда;Undirected
1233;декабрь;полнолуние;Undirected
1230;значение;фамилия;Undirected
1223;гадать;книга;Undirected
1223;гадать;перемена;Undirected
1219;год;скачать;Undirected
1219;календарь;скачать;Undirected
1219;на;скачать;Undirected
1219;производственный;скачать;Undirected
1218;дата;квадрат;Undirected
1218;дата;пифагор;Undirected
1218;квадрат;по;Undirected
1218;квадрат;рождение;Undirected
1218;пифагор;по;Undirected
1218;пифагор;рождение;Undirected
1215;гороскоп;следующий;Undirected
1215;на;следующий;Undirected
1215;неделя;следующий;Undirected
1214;и;примета;Undirected
1214;и;суеверие;Undirected
1214;примета;суеверие;Undirected
1213;вода;к;Undirected
1213;вода;сниться;Undirected
1213;вода;что;Undirected
1208;алин;имя;Undirected
1208;алин;означать;Undirected
1208;алин;что;Undirected
1204;близнец;неделя;Undirected
1188;ноябрь;праздничный;Undirected
1181;гадание;день;Undirected
1181;гадание;сегодняшний;Undirected
1181;день;сегодняшний;Undirected
1181;на;сегодняшний;Undirected
1178;к;секс;Undirected
1178;секс;сниться;Undirected
1178;секс;что;Undirected
1175;заговор;сибирский;Undirected
1175;заговор;целительница;Undirected
1175;сибирский;целительница;Undirected
1173;рыба;сонник;Undirected
1170;бесплатно;рассчитать;Undirected
1170;дата;рассчитать;Undirected
1170;нумерология;рассчитать;Undirected
1170;по;рассчитать;Undirected
1170;рассчитать;рождение;Undirected
1165;дата;и;Undirected
1165;дата;имя;Undirected
1165;и;рождение;Undirected
1165;имя;рождение;Undirected
1161;к;паук;Undirected
1161;паук;сниться;Undirected
1161;паук;что;Undirected
1159;видеть;во;Undirected
1159;видеть;живой;Undirected
1159;видеть;и;Undirected
1159;видеть;он;Undirected
1159;видеть;разговаривать;Undirected
1159;видеть;с;Undirected
1159;видеть;сон;Undirected
1159;видеть;умерший;Undirected
1159;видеть;человек;Undirected
1159;во;живой;Undirected
1159;во;и;Undirected
1159;во;он;Undirected
1159;во;разговаривать;Undirected
1159;во;с;Undirected
1159;во;умерший;Undirected
1159;во;человек;Undirected
1159;живой;и;Undirected
1159;живой;он;Undirected
1159;живой;разговаривать;Undirected
1159;живой;с;Undirected
1159;живой;сон;Undirected
1159;живой;умерший;Undirected
1159;живой;человек;Undirected
1159;и;он;Undirected
1159;и;разговаривать;Undirected
1159;и;умерший;Undirected
1159;и;человек;Undirected
1159;он;разговаривать;Undirected
1159;он;с;Undirected
1159;он;сон;Undirected
1159;он;умерший;Undirected
1159;разговаривать;с;Undirected
1159;разговаривать;сон;Undirected
1159;разговаривать;умерший;Undirected
1159;разговаривать;человек;Undirected
1159;с;сон;Undirected
1159;с;умерший;Undirected
1159;с;человек;Undirected
1159;сон;умерший;Undirected
1159;сон;человек;Undirected
1159;умерший;человек;Undirected
1151;гороскоп;цвет;Undirected
1151;животное;цвет;Undirected
1151;по;цвет;Undirected
1140;анастасия;означать;Undirected
1140;анастасия;что;Undirected
1137;любовный;неделя;Undirected
1134;вещий;сон;Undirected
1134;вещий;сонник;Undirected
1134;вещий;толкование;Undirected
1132;телец;характеристика;Undirected
1121;быть;и;Undirected
1121;быть;на;Undirected
1121;быть;пенсия;Undirected
1121;быть;повышение;Undirected
1121;быть;процент;Undirected
1121;в;процент;Undirected
1121;гадание;цыганский;Undirected
1121;год;процент;Undirected
1121;и;ли;Undirected
1121;и;пенсия;Undirected
1121;и;повышение;Undirected
1121;и;процент;Undirected
1121;и;сколько;Undirected
1121;ли;на;Undirected
1121;ли;пенсия;Undirected
1121;ли;повышение;Undirected
1121;ли;процент;Undirected
1121;ли;сколько;Undirected
1121;на;процент;Undirected
1121;на;сколько;Undirected
1121;пенсия;процент;Undirected
1121;пенсия;сколько;Undirected
1121;повышение;процент;Undirected
1121;повышение;сколько;Undirected
1121;процент;сколько;Undirected
1119;виктория;значение;Undirected
1119;виктория;имя;Undirected
1119;год;скорпион;Undirected
1115;овца;характеристика;Undirected
1109;гороскоп;славянский;Undirected
1106;бесплатно;отношение;Undirected
1106;бесплатно;самый;Undirected
1106;бесплатно;точный;Undirected
1106;в;новый;Undirected
1106;в;нужно;Undirected
1106;встречать;новый;Undirected
1106;встречать;нужно;Undirected
1106;гадание;самый;Undirected
1106;гадание;точный;Undirected
1106;год;нужно;Undirected
1106;декабрь;любовный;Undirected
1106;на;самый;Undirected
1106;на;точный;Undirected
1106;новый;нужно;Undirected
1106;новый;чем;Undirected
1106;нужно;чем;Undirected
1106;онлайн;самый;Undirected
1106;онлайн;точный;Undirected
1106;отношение;самый;Undirected
1106;отношение;точный;Undirected
1106;самый;точный;Undirected
1105;имя;необычный;Undirected
1096;водолей;год;Undirected
1096;для;кошка;Undirected
1096;имя;кошка;Undirected
1094;и;к;Undirected
1094;и;кладбище;Undirected
1094;и;могила;Undirected
1094;и;сниться;Undirected
1094;к;могила;Undirected
1094;кладбище;могила;Undirected
1094;могила;сниться;Undirected
1094;могила;что;Undirected
1093;девочка;календарь;Undirected
1093;девочка;ноябрь;Undirected
1093;девочка;церковный;Undirected
1092;алекперов;год;Undirected
1092;алекперов;гороскоп;Undirected
1092;алекперов;знак;Undirected
1092;алекперов;зодиак;Undirected
1092;алекперов;на;Undirected
1092;алекперов;от;Undirected
1092;алекперов;по;Undirected
1092;алекперов;хаяла;Undirected
1092;в;мы;Undirected
1092;год;мы;Undirected
1092;год;хаяла;Undirected
1092;гороскоп;хаяла;Undirected
1092;ждать;мы;Undirected
1092;знак;хаяла;Undirected
1092;зодиак;хаяла;Undirected
1092;мы;прогноз;Undirected
1092;мы;что;Undirected
1092;мы;экономический;Undirected
1092;на;хаяла;Undirected
1092;от;хаяла;Undirected
1092;по;хаяла;Undirected
1091;восточный;совместимость;Undirected
1079;бесплатно;желание;Undirected
1079;желание;онлайн;Undirected
1076;россия;экономический;Undirected
1072;любовь;таро;Undirected
1064;к;лошадь;Undirected
1064;лошадь;сниться;Undirected
1064;лошадь;что;Undirected
1061;значение;полина;Undirected
1061;имя;полина;Undirected
1058;гадание;дата;Undirected
1058;гадание;рождение;Undirected
1055;весы;мужчина;Undirected
1055;весы;характеристика;Undirected
1055;карта;любовь;Undirected
1050;декабрь;расти;Undirected
1048;вопрос;гадание;Undirected
1048;вопрос;книга;Undirected
1048;вопрос;онлайн;Undirected
1048;вопрос;по;Undirected
1048;вопрос;судьба;Undirected
1046;доллар;по;Undirected
1046;курс;по;Undirected
1045;значение;иван;Undirected
1045;значение;илья;Undirected
1045;иван;имя;Undirected
1045;илья;имя;Undirected
1039;неделя;телец;Undirected
1026;или;какой;Undirected
1026;или;луна;Undirected
1026;или;расти;Undirected
1026;или;сейчас;Undirected
1026;или;убывать;Undirected
1026;какой;расти;Undirected
1026;какой;убывать;Undirected
1026;расти;сейчас;Undirected
1026;расти;убывать;Undirected
1026;сейчас;убывать;Undirected
1023;золото;к;Undirected
1023;золото;сниться;Undirected
1023;золото;что;Undirected
1022;календарь;январь;Undirected
1022;лунный;январь;Undirected
1022;на;январь;Undirected
1018;гадание;екатерина;Undirected
1017;весы;женщина;Undirected
1017;значение;таро;Undirected
1017;неделя;рак;Undirected
1014;значение;матвей;Undirected
1014;имя;матвей;Undirected
1011;декабрь;рыба;Undirected
1009;день;приглашение;Undirected
1009;день;рождение;Undirected
1009;на;приглашение;Undirected
1009;на;рождение;Undirected
1009;приглашение;рождение;Undirected
1005;значение;светлана;Undirected
1005;имя;светлана;Undirected
1005;кровь;сонник;Undirected
1003;бесплатно;играть;Undirected
1003;бесплатно;косынка;Undirected
1003;играть;косынка;Undirected
1003;играть;онлайн;Undirected
1003;косынка;онлайн;Undirected
994;ru;sonnik;Undirected
988;дева;характеристика;Undirected
985;год;когда;Undirected
985;китайский;когда;Undirected
985;когда;новый;Undirected
984;божий;казанский;Undirected
984;божий;мать;Undirected
984;божий;ноябрь;Undirected
984;казанский;мать;Undirected
984;казанский;ноябрь;Undirected
984;мать;ноябрь;Undirected
982;екатерина;значение;Undirected
982;екатерина;имя;Undirected
982;значение;линия;Undirected
982;значение;хиромантия;Undirected
982;имя;происхождение;Undirected
981;елизавета;значение;Undirected
981;елизавета;имя;Undirected
978;ванга;о;Undirected
976;анна;означать;Undirected
976;анна;что;Undirected
972;девочка;красивый;Undirected
972;девочка;современный;Undirected
972;для;красивый;Undirected
972;для;современный;Undirected
972;имя;красивый;Undirected
972;имя;современный;Undirected
972;красивый;современный;Undirected
965;в;увеличение;Undirected
965;год;увеличение;Undirected
965;пенсия;увеличение;Undirected
965;россия;увеличение;Undirected
964;девочка;кличка;Undirected
964;девочка;собака;Undirected
959;вольф;мессинг;Undirected
959;вольф;о;Undirected
959;вольф;предсказание;Undirected
959;вольф;россия;Undirected
959;мессинг;о;Undirected
959;мессинг;предсказание;Undirected
959;мессинг;россия;Undirected
958;в;оракул;Undirected
958;волос;оракул;Undirected
958;ноябрь;оракул;Undirected
958;оракул;стрижка;Undirected
955;онлайн;предсказание;Undirected
955;онлайн;шар;Undirected
955;предсказание;шар;Undirected
954;демон;имя;Undirected
953;год;месяц;Undirected
953;значение;марина;Undirected
953;и;месяц;Undirected
953;имя;марина;Undirected
948;мальчик;мусульманский;Undirected
947;гороскоп;зороастрийский;Undirected
946;в;великий;Undirected
946;в;пост;Undirected
946;великий;год;Undirected
946;великий;пост;Undirected
946;год;пост;Undirected
946;разгадка;сон;Undirected
946;разгадка;сонник;Undirected
942;гороскоп;имя;Undirected
942;зуб;к;Undirected
942;зуб;сниться;Undirected
942;зуб;что;Undirected
942;онлайн;снів;Undirected
942;онлайн;сонік;Undirected
942;онлайн;толковання;Undirected
942;снів;сонік;Undirected
942;снів;толковання;Undirected
942;сонік;толковання;Undirected
941;arhangel;ru;Undirected
939;в;рассол;Undirected
939;в;сало;Undirected
939;рассол;сало;Undirected
935;про;сон;Undirected
935;про;соник;Undirected
934;ignio;гороскоп;Undirected
934;ждать;завтра;Undirected
934;ждать;я;Undirected
934;завтра;что;Undirected
934;завтра;я;Undirected
932;налог;транспортный;Undirected
930;год;о;Undirected
930;год;пророчество;Undirected
930;на;о;Undirected
930;на;пророчество;Undirected
930;о;пророчество;Undirected
930;пророчество;россия;Undirected
929;александр;значение;Undirected
929;александр;имя;Undirected
928;как;календарь;Undirected
928;как;праздник;Undirected
928;календарь;отдыхать;Undirected
928;отдыхать;праздник;Undirected
925;в;коза;Undirected
925;встречать;коза;Undirected
925;год;рыба;Undirected
925;коза;чем;Undirected
924;когда;расти;Undirected
923;выделение;запах;Undirected
923;выделение;неприятный;Undirected
923;выделение;с;Undirected
923;запах;неприятный;Undirected
923;запах;с;Undirected
923;неприятный;с;Undirected
918;пожар;сонник;Undirected
917;какой;сутки;Undirected
913;на;недвижимость;Undirected
913;налог;недвижимость;Undirected
912;в;троица;Undirected
912;год;троица;Undirected
912;какой;троица;Undirected
912;лев;неделя;Undirected
912;троица;число;Undirected
905;василиса;официальный;Undirected
905;василиса;сайт;Undirected
905;володин;официальный;Undirected
905;володин;сайт;Undirected
905;официальный;сайт;Undirected
903;по;стихия;Undirected
891;знак;мужчина;Undirected
888;goroskop;ru;Undirected
888;близнец;женщина;Undirected
888;женщина;лев;Undirected
887;календар;листопад;Undirected
887;календар;лунний;Undirected
887;календар;на;Undirected
887;листопад;лунний;Undirected
887;листопад;на;Undirected
887;лунний;на;Undirected
884;жизнь;хиромантия;Undirected
882;быть;жизнь;Undirected
882;быть;кто;Undirected
882;быть;прошлый;Undirected
882;быть;я;Undirected
882;в;жизнь;Undirected
882;в;прошлый;Undirected
882;в;я;Undirected
882;жизнь;кто;Undirected
882;жизнь;прошлый;Undirected
882;жизнь;я;Undirected
882;кто;прошлый;Undirected
882;кто;я;Undirected
882;прошлый;я;Undirected
881;гороскоп;сексуальный;Undirected
880;гороскоп;лунный;Undirected
879;ванга;ждать;Undirected
879;ванга;и;Undirected
879;ванга;украина;Undirected
879;ванга;что;Undirected
879;ждать;и;Undirected
879;ждать;на;Undirected
879;ждать;украина;Undirected
879;и;предсказание;Undirected
879;и;украина;Undirected
879;россия;украина;Undirected
879;украина;что;Undirected
874;ангина;антибиотик;Undirected
874;ангина;при;Undirected
874;антибиотик;при;Undirected
868;novosti;russian;Undirected
868;novosti;в;Undirected
868;novosti;год;Undirected
868;novosti;пенсия;Undirected
868;russian;в;Undirected
868;russian;год;Undirected
868;russian;пенсия;Undirected
868;ноябрь;распечатывать;Undirected
867;гадание;месячные;Undirected
867;месячные;по;Undirected
866;к;похороны;Undirected
866;похороны;сниться;Undirected
866;похороны;что;Undirected
862;декабрь;стрелец;Undirected
859;коза;цвет;Undirected
858;год;новогодний;Undirected
858;год;обои;Undirected
858;год;рабочий;Undirected
858;год;стол;Undirected
855;задиак;знак;Undirected
854;гадание;любимый;Undirected
854;любимый;на;Undirected
854;любимый;человек;Undirected
853;алексей;значение;Undirected
853;алексей;имя;Undirected
851;декабрь;по;Undirected
849;сонник;фрейд;Undirected
848;волос;луна;Undirected
848;волос;расти;Undirected
848;год;расти;Undirected
848;для;луна;Undirected
848;для;расти;Undirected
848;луна;стрижка;Undirected
848;расти;стрижка;Undirected
845;знак;ноябрь;Undirected
845;зодиак;ноябрь;Undirected
845;означать;татьяна;Undirected
845;правдивый;чихалка;Undirected
845;татьяна;что;Undirected
842;настя;означать;Undirected
841;кличка;мальчик;Undirected
841;мальчик;собака;Undirected
838;на;пара;Undirected
838;пара;совместимость;Undirected
838;пара;тест;Undirected
838;совместимость;тест;Undirected
837;декабрь;распечатывать;Undirected
836;год;огородник;Undirected
836;год;садовод;Undirected
836;и;огородник;Undirected
836;и;садовод;Undirected
836;календарь;огородник;Undirected
836;календарь;садовод;Undirected
836;лунный;огородник;Undirected
836;лунный;садовод;Undirected
836;на;огородник;Undirected
836;на;садовод;Undirected
836;ноябрь;огородник;Undirected
836;ноябрь;садовод;Undirected
836;огородник;садовод;Undirected
835;глоб;год;Undirected
835;глоб;гороскоп;Undirected
835;глоб;на;Undirected
835;глоб;от;Undirected
835;глоб;павел;Undirected
835;год;павел;Undirected
835;гороскоп;павел;Undirected
835;на;павел;Undirected
835;от;павел;Undirected
833;в;неблагоприятный;Undirected
833;год;неблагоприятный;Undirected
833;день;неблагоприятный;Undirected
833;неблагоприятный;ноябрь;Undirected
832;и;нумерология;Undirected
832;и;фамилия;Undirected
832;имя;нумерология;Undirected
832;имя;фамилия;Undirected
832;неделя;овен;Undirected
832;нумерология;фамилия;Undirected
828;деньги;молитва;Undirected
828;деньги;на;Undirected
827;благоприятный;женщина;Undirected
827;в;женщина;Undirected
827;волос;женщина;Undirected
827;день;женщина;Undirected
827;для;женщина;Undirected
827;женщина;стрижка;Undirected
826;для;индексация;Undirected
826;индексация;кто;Undirected
826;индексация;на;Undirected
826;индексация;тот;Undirected
826;индексация;уже;Undirected
823;сонник;феломена;Undirected
822;астропрогноз;сегодня;Undirected
821;имя;обозначать;Undirected
821;настя;обозначать;Undirected
821;обозначать;что;Undirected
816;для;начинающий;Undirected
816;для;хиромантия;Undirected
816;начинающий;хиромантия;Undirected
811;в;православный;Undirected
811;водолей;ноябрь;Undirected
811;год;православный;Undirected
811;ноябрь;православный;Undirected
811;овца;цвет;Undirected
811;православный;праздник;Undirected
810;весь;жизнь;Undirected
810;весь;молитва;Undirected
810;весь;случай;Undirected
810;гороскоп;с;Undirected
810;жизнь;молитва;Undirected
810;жизнь;случай;Undirected
810;молитва;случай;Undirected
810;на;случай;Undirected
810;неделя;ноябрь;Undirected
810;неделя;по;Undirected
810;неделя;с;Undirected
810;ноябрь;с;Undirected
810;по;с;Undirected
807;календарь;мальчик;Undirected
807;мальчик;ноябрь;Undirected
807;мальчик;церковный;Undirected
806;будущее;погадать;Undirected
806;женщина;камень;Undirected
806;женщина;скорпион;Undirected
806;камень;скорпион;Undirected
806;медведь;сонник;Undirected
804;гадать;гуща;Undirected
804;гадать;кофейный;Undirected
802;к;покойник;Undirected
802;покойник;сниться;Undirected
802;покойник;что;Undirected
801;гадание;думать;Undirected
801;гадание;к;Undirected
801;гадание;обо;Undirected
801;гадание;он;Undirected
801;гадание;ты;Undirected
801;гадание;что;Undirected
801;гадание;я;Undirected
801;думать;к;Undirected
801;думать;на;Undirected
801;думать;обо;Undirected
801;думать;он;Undirected
801;думать;отношение;Undirected
801;думать;ты;Undirected
801;думать;человек;Undirected
801;думать;что;Undirected
801;думать;я;Undirected
801;к;на;Undirected
801;к;обо;Undirected
801;к;он;Undirected
801;к;отношение;Undirected
801;к;ты;Undirected
801;к;человек;Undirected
801;к;я;Undirected
801;на;обо;Undirected
801;на;он;Undirected
801;на;ты;Undirected
801;на;я;Undirected
801;обо;он;Undirected
801;обо;отношение;Undirected
801;обо;ты;Undirected
801;обо;человек;Undirected
801;обо;что;Undirected
801;обо;я;Undirected
801;он;отношение;Undirected
801;он;ты;Undirected
801;он;что;Undirected
801;он;я;Undirected
801;отношение;ты;Undirected
801;отношение;что;Undirected
801;отношение;я;Undirected
801;ты;человек;Undirected
801;ты;что;Undirected
801;ты;я;Undirected
801;человек;что;Undirected
801;человек;я;Undirected
800;девочка;как;Undirected
800;девочка;называть;Undirected
800;как;кошка;Undirected
800;как;называть;Undirected
800;кошка;называть;Undirected
798;гадать;отношение;Undirected
797;год;дом;Undirected
797;год;рука;Undirected
797;год;свой;Undirected
797;год;украшение;Undirected
797;дом;на;Undirected
797;дом;новый;Undirected
797;дом;рука;Undirected
797;дом;свой;Undirected
797;дом;украшение;Undirected
797;на;свой;Undirected
797;на;украшение;Undirected
797;новый;рука;Undirected
797;новый;свой;Undirected
797;новый;украшение;Undirected
797;рука;свой;Undirected
797;рука;украшение;Undirected
797;свой;украшение;Undirected
795;во;к;Undirected
795;во;что;Undirected
795;к;плакать;Undirected
795;к;сон;Undirected
795;плакать;что;Undirected
795;сон;что;Undirected
793;выходной;рабочий;Undirected
793;декабрь;или;Undirected
793;декабрь;рабочий;Undirected
793;день;или;Undirected
793;день;рабочий;Undirected
793;или;рабочий;Undirected
792;дева;женщина;Undirected
786;гороскоп;тельце;Undirected
786;для;тельце;Undirected
786;на;тельце;Undirected
786;сегодня;тельце;Undirected
785;модель;фото;Undirected
785;модель;характеристика;Undirected
785;модель;цена;Undirected
785;модель;шевроле;Undirected
785;нива;характеристика;Undirected
785;новый;характеристика;Undirected
785;фото;характеристика;Undirected
785;характеристика;цена;Undirected
785;характеристика;шевроле;Undirected
784;значение;руно;Undirected
783;значение;наталья;Undirected
783;имя;наталья;Undirected
782;александр;и;Undirected
782;александр;керро;Undirected
782;александр;мэрилин;Undirected
782;александр;свадьба;Undirected
782;александр;шепс;Undirected
782;и;керро;Undirected
782;и;мэрилин;Undirected
782;и;свадьба;Undirected
782;и;шепс;Undirected
782;керро;мэрилин;Undirected
782;керро;свадьба;Undirected
782;керро;шепс;Undirected
782;мэрилин;свадьба;Undirected
782;мэрилин;шепс;Undirected
782;свадьба;шепс;Undirected
781;гороскоп;зодиакальный;Undirected
774;год;зимний;Undirected
774;год;каникулы;Undirected
774;год;учебный;Undirected
774;зимний;каникулы;Undirected
774;зимний;учебный;Undirected
774;каникулы;учебный;Undirected
773;вера;последний;Undirected
773;вера;предсказание;Undirected
773;владимир;значение;Undirected
773;владимир;имя;Undirected
773;лион;последний;Undirected
773;лион;предсказание;Undirected
773;последний;предсказание;Undirected
772;близкий;в;Undirected
772;близкий;ванг;Undirected
772;близкий;ждать;Undirected
772;близкий;россия;Undirected
772;близкий;что;Undirected
772;будущее;в;Undirected
772;будущее;ванг;Undirected
772;будущее;ждать;Undirected
772;будущее;россия;Undirected
772;будущее;что;Undirected
772;в;ванг;Undirected
772;ванг;ждать;Undirected
772;ванг;что;Undirected
769;народный;о;Undirected
769;народный;погода;Undirected
769;о;погода;Undirected
769;о;примета;Undirected
769;погода;примета;Undirected
767;крыса;сонник;Undirected
